"ID","Collection","ENS","Minting Date","Tx Count","Power"
"4028","0x7ff8b020c2ecd40613063ae1d2ee6a2a383793fa","brunitob.eth","Fri, 04 Oct 2019 13:25:51 GMT","1","36"
"4259","0xc55e5dadfa858ca2048d5bb0b536f84913cf4f19","","Sun, 06 Oct 2019 10:39:03 GMT","1","33"
"4260","0xac1c5131f0a85eafaa637a1ab342ed8e7771212d","","Sun, 06 Oct 2019 10:39:03 GMT","1","56"
"4261","0x9c9c51e479a531e714594ab04db4b79a39662991","","Sun, 06 Oct 2019 10:39:03 GMT","1","14"
"4262","0xf6b6f07862a02c85628b3a9688beae07fea9c863","poap.eth","Sun, 06 Oct 2019 10:43:52 GMT","1","106"
"4281","0xb5b5d4b2365d449cb616f8e2c93786ca34f033ee","","Mon, 07 Oct 2019 05:34:52 GMT","1","2"
"4282","0x70564145fa8e8a15348ef0190e6b7c07a2120462","chrishobcroft.eth","Mon, 07 Oct 2019 05:35:26 GMT","1","9"
"4283","0x69568f518102ea935ad2076d088243c6ab0d490f","","Mon, 07 Oct 2019 05:36:06 GMT","1","1"
"4284","0x3d0f27aaa083262e5ec590c5e9db4b2dfe4732ff","","Mon, 07 Oct 2019 05:36:35 GMT","1","1"
"4285","0x5cb5fc9b678c5f5b7b37d73475869fb56f632e3a","gluk64.argent.xyz","Mon, 07 Oct 2019 05:46:09 GMT","1","14"
"4286","0x5b8d544b46f33166738dd5d74d39510fae9c1b4c","","Mon, 07 Oct 2019 05:46:12 GMT","1","3"
"4287","0x4a2ea96722b01c1e626fba0f4806257454c24458","","Mon, 07 Oct 2019 05:48:00 GMT","1","4"
"4288","0xc2ff0b1a7f8a2013153c5d097706e056dd135295","","Mon, 07 Oct 2019 05:48:30 GMT","1","2"
"4289","0xf8a065f287d91d77cd626af38ffa220d9b552a2b","brennen.eth","Mon, 07 Oct 2019 06:09:50 GMT","1","1"
"4290","0x32f721bb492eaec0d704376b4125d36ea244eb65","","Mon, 07 Oct 2019 06:39:41 GMT","2","2"
"4291","0x66dce44a16d17b9186f2cc7e83249152936fce08","","Mon, 07 Oct 2019 06:43:44 GMT","1","2"
"4293","0x99bbd7479ce8e6107f1700e34d6f3cec07bb18ef","","Mon, 07 Oct 2019 07:19:40 GMT","1","1"
"4294","0x99962e7d109833dfc78530587ed71270a6060040","","Mon, 07 Oct 2019 07:27:14 GMT","1","1"
"4295","0x35293f45d559487d9e8a26aa8bd06f84a38f3929","","Mon, 07 Oct 2019 07:36:20 GMT","1","7"
"4296","0x15ba57258b948cfda369ddc88247196b07bfcee4","","Mon, 07 Oct 2019 07:37:09 GMT","1","1"
"4297","0x1dba1131000664b884a1ba238464159892252d3a","","Mon, 07 Oct 2019 07:45:12 GMT","1","12"
"4298","0xc31372db84e456193e72a162928539c8f5999ff6","hazelstar.eth","Mon, 07 Oct 2019 08:04:52 GMT","1","1"
"4299","0x1057bea69c9add11c6e3de296866aff98366cfe3","bohendo.eth","Mon, 07 Oct 2019 08:29:39 GMT","1","6"
"4300","0x5a9e792143bf2708b4765c144451dca54f559a19","xrahul.eth","Mon, 07 Oct 2019 08:29:39 GMT","1","13"
"4301","0x7859821024e633c5dc8a4fcf86fc52e7720ce525","hadriencroubois.eth","Mon, 07 Oct 2019 08:29:48 GMT","1","25"
"4302","0xb8d65d7487f763013d4ea5084ca57f73527e3dee","","Mon, 07 Oct 2019 08:46:48 GMT","1","10"
"4303","0x8f6e8306fe11ccb22b490100a86e2d3ac3233af3","","Mon, 07 Oct 2019 09:02:12 GMT","1","1"
"4304","0xefef50ebacd8da3c13932ac204361b704eb8292c","gnidan.eth","Mon, 07 Oct 2019 09:13:21 GMT","1","2"
"4305","0xaa679e4ee126f49c4c7e06bffae0f64562e74deb","","Mon, 07 Oct 2019 09:18:00 GMT","1","4"
"4306","0x2a87e5f2e22c0c31edd269be48d73ee6b2b240be","","Mon, 07 Oct 2019 09:42:55 GMT","1","2"
"4307","0xb1ec5a1a7bd30287db8f258e55e36420de8e10a8","","Mon, 07 Oct 2019 10:01:45 GMT","1","1"
"4308","0x00a839de7922491683f547a67795204763ff8237","ralxz.eth","Mon, 07 Oct 2019 10:31:35 GMT","1","31"
"4309","0x6b29132ea388a308578c1d3be068d0e4fc9915a2","michaelsproul.eth","Mon, 07 Oct 2019 12:15:53 GMT","1","2"
"4310","0x5a5d60a0a0e9515e500c9b6e4c5fcd4e81bd753d","","Mon, 07 Oct 2019 13:24:02 GMT","1","1"
"4311","0x2f07ce39c53decae179ba5e797ce98f78e7332fc","","Mon, 07 Oct 2019 13:42:28 GMT","1","1"
"4312","0x866b3c4994e1416b7c738b9818b31dc246b95eee","jefflau.eth","Mon, 07 Oct 2019 13:51:31 GMT","1","6"
"4313","0xc825cc047b278791158ed511a558b868149596d0","zigen.eth","Mon, 07 Oct 2019 14:48:19 GMT","1","1"
"4314","0x99105365d51250c71fbb0d59113a80996b301cbd","","Mon, 07 Oct 2019 14:50:42 GMT","1","7"
"4315","0x1749ad951fb612b42dc105944da86c362a783487","","Mon, 07 Oct 2019 14:53:40 GMT","1","4"
"4316","0x23936429fc179da0e1300644fb3b489c736d562f","","Mon, 07 Oct 2019 15:12:30 GMT","1","5"
"4317","0xd495a8691c30dcc9821fb784b1f09cf158b5a493","","Mon, 07 Oct 2019 15:21:14 GMT","1","1"
"4318","0xf02b9adef6cbd7cc1265e5af28e5a98128c19519","","Mon, 07 Oct 2019 15:21:14 GMT","1","1"
"4319","0x18aa74ea8fc624a493cf62a89d41fc6737d8cd86","","Mon, 07 Oct 2019 15:31:13 GMT","3","4"
"4320","0xfd48a165e7447cdd311ff884e9b3c552e8b82b32","","Mon, 07 Oct 2019 15:43:39 GMT","1","1"
"4321","0xeed5867f99f5f4e1888ba796c9af12f401f671f1","","Mon, 07 Oct 2019 16:37:49 GMT","1","1"
"4322","0x9b2e58dd9a5bc1169e86ff296895eabfde1c11d0","","Mon, 07 Oct 2019 23:10:52 GMT","1","1"
"4323","0xfda995eb398750319a2d5e8a4766c02e54db24b8","gasolin.eth","Mon, 07 Oct 2019 23:13:10 GMT","1","1"
"4324","0xd912e3815b79cbd9a3fa8a68d2484c4168a426ef","","Mon, 07 Oct 2019 23:15:45 GMT","1","1"
"4325","0x423cfaa3ab7b9f63743a23fc3b77e2a951385fe4","","Mon, 07 Oct 2019 23:22:59 GMT","2","12"
"4326","0xfb6fa4d63f7358458d57872ef1dfa4fbd307fb6f","andrea.eth","Mon, 07 Oct 2019 23:24:17 GMT","1","1"
"4327","0xdd8e2548da5a992a63ae5520c6bc92c37a2bcc44","julien51.eth","Mon, 07 Oct 2019 23:24:17 GMT","1","3"
"4328","0x39aaa7864ced1450cc410cae8fc81f70795f2711","","Mon, 07 Oct 2019 23:28:51 GMT","1","1"
"4329","0xbfc7cae0fad9b346270ae8fde24827d2d779ef07","topocount.eth","Mon, 07 Oct 2019 23:29:23 GMT","1","2"
"4330","0x9a5e4d421d72bc1835e6a7b9658ca1924d12d0e0","","Mon, 07 Oct 2019 23:31:54 GMT","1","17"
"4331","0xa64fc17b157aaa50ac9a8341bab72d4647d0f1a7","cbob.eth","Mon, 07 Oct 2019 23:33:26 GMT","1","3"
"4332","0x2ec2331809f63b64ea1f4f34b51d992fc0d3e683","schuppi.eth","Mon, 07 Oct 2019 23:33:51 GMT","2","4"
"4333","0x93001c99c937a162cda0e5430be197c792995adb","","Mon, 07 Oct 2019 23:35:29 GMT","1","2"
"4334","0xa07ddde9888a4009c1c4669f5ab4d0bd4f3560f5","colrad.eth","Mon, 07 Oct 2019 23:36:04 GMT","1","2"
"4335","0x5783a089c0c63a6db406b5f0a3dba0ceba0f1cbb","","Mon, 07 Oct 2019 23:39:19 GMT","1","1"
"4336","0xe1a665ae24e57573f8c172e2a6588a64c35c4478","","Mon, 07 Oct 2019 23:40:31 GMT","1","3"
"4337","0x006a8a496889e9983a5256f34b608ee9569ba319","relyt29.eth","Mon, 07 Oct 2019 23:42:33 GMT","1","36"
"4338","0x2b80293f5a5d432eda4a2956124830c851b57b64","chrislime.eth","Mon, 07 Oct 2019 23:42:33 GMT","1","2"
"4339","0x8258b64aee7d44ca332149f5e750f7b4c5995cee","","Mon, 07 Oct 2019 23:42:48 GMT","1","1"
"4340","0xda80be5c9d8d90e9ab89c2d6c8ac3f75e44f9e10","","Mon, 07 Oct 2019 23:45:14 GMT","1","1"
"4341","0xe5ebf987a49819db42434e4470ddf32a22d02295","","Mon, 07 Oct 2019 23:45:14 GMT","1","1"
"4342","0x903ddd91207f737255ca93eb5885c0e087be0fc3","","Mon, 07 Oct 2019 23:47:05 GMT","1","1"
"4343","0xe6c6644176cc3d82ae7a42846ab89d2c6d3d97bf","sniegas.eth","Mon, 07 Oct 2019 23:48:41 GMT","1","1"
"4344","0xb7a883569c1d1aafffdbdab06fe9616ce738a227","mobile.petersson.eth","Mon, 07 Oct 2019 23:48:41 GMT","1","1"
"4345","0x5a384227b65fa093dec03ec34e111db80a040615","matoken.eth","Mon, 07 Oct 2019 23:48:54 GMT","1","77"
"4346","0xac9ba72fb61aa7c31a95df0a8b6eba6f41ef875e","jdetychey.eth","Mon, 07 Oct 2019 23:50:37 GMT","1","16"
"4347","0x52b8398551bb1d0bdc022355897508f658ad42f8","roderik.eth","Mon, 07 Oct 2019 23:53:03 GMT","1","4"
"4348","0xd2cd261f0d1279ac8e0d0641a1a140993cdf1ce5","","Mon, 07 Oct 2019 23:59:16 GMT","1","1"
"4349","0x8913b99d5efd9e391ade59168230f6425813d90a","twoirtter.eth","Tue, 08 Oct 2019 00:00:21 GMT","2","7"
"4350","0x3084eac348621cc9beee1758226103680190d5d9","","Tue, 08 Oct 2019 00:07:00 GMT","1","1"
"4351","0x31b4c292b4639a32a0aca72b0451499b464c58cb","joonian.eth","Tue, 08 Oct 2019 00:17:12 GMT","1","23"
"4352","0x77feecc45fa31f2639d4c1cee0ccbf138387d79b","","Tue, 08 Oct 2019 00:23:53 GMT","1","1"
"4353","0x60097d9ff69b2445799b7c8874f79d9e1afed5ab","","Tue, 08 Oct 2019 00:26:29 GMT","1","4"
"4354","0xf36700ff798394c4a58fe861a4661f5489d90735","","Tue, 08 Oct 2019 00:26:32 GMT","1","4"
"4355","0xc54aca46b89172fc53c36e68e109f603e57aeeee","petru.argent.xyz","Tue, 08 Oct 2019 00:33:33 GMT","1","1"
"4356","0x6de754c0816aa1ec98d2ff55ad6ea7d00ab6e131","udon.eth","Tue, 08 Oct 2019 00:34:05 GMT","1","3"
"4357","0x09dcabf773a87ff1b1b9885576938f0dcc1075db","","Tue, 08 Oct 2019 00:34:51 GMT","1","1"
"4358","0xb0b980359d9eeff396fab0be4b59da0565e6ba97","","Tue, 08 Oct 2019 00:34:51 GMT","1","1"
"4359","0xbefa5641d7681950213b490596cc0e7c3d9f2eaa","mikelockz.eth","Tue, 08 Oct 2019 00:47:41 GMT","1","1"
"4360","0x29d6a0bdc195c1be74fbd16a12fa194af1b91c4d","","Tue, 08 Oct 2019 00:48:48 GMT","1","6"
"4361","0xcef0e56b84ad7d5be9edcb7faf66f85ae83942a4","timnugent.eth","Tue, 08 Oct 2019 00:55:51 GMT","1","1"
"4362","0x3766b26fbc6257233d4037c83249934f24dc529b","","Tue, 08 Oct 2019 01:01:32 GMT","1","1"
"4363","0x1b37ab8d737b1776d3cc082d246ee89ed9693cd2","","Tue, 08 Oct 2019 01:07:05 GMT","1","2"
"4364","0x4b915f324160ea3440d3c4d11015711c172e91e2","trueinsider.eth","Tue, 08 Oct 2019 01:10:05 GMT","1","2"
"4365","0x0d6b27bbceb315c18df5d0701c71250037b3f84b","","Tue, 08 Oct 2019 01:11:46 GMT","1","6"
"4366","0xd31b671f1a398b519222fdaba5ab5464b9f2a3fa","wmitsuda.eth","Tue, 08 Oct 2019 01:18:29 GMT","1","3"
"4367","0x367edd0545a58df684901805afb6a31fc0089180","","Tue, 08 Oct 2019 01:18:29 GMT","1","25"
"4368","0x8f942eced007bd3976927b7958b50df126feecb5","metadreamer.eth","Tue, 08 Oct 2019 01:20:37 GMT","2","7"
"4369","0x083fc10ce7e97cafbae0fe332a9c4384c5f54e45","k06a.eth","Tue, 08 Oct 2019 01:22:55 GMT","1","7"
"4370","0x94f3cdfc19763b3ad3b31925643174423c773a5f","liangcc.eth","Tue, 08 Oct 2019 01:24:38 GMT","1","4"
"4371","0xa1ed93bf44ba35f1e8ebfb4d104a0e109337a5aa","zumzoom.eth","Tue, 08 Oct 2019 01:29:32 GMT","1","1"
"4372","0xf62ff63768819731092a4ad392519c7e3f14666c","","Tue, 08 Oct 2019 01:29:32 GMT","1","1"
"4373","0x9d8e4e3748da101c664bbb5375ffd90683a27509","","Tue, 08 Oct 2019 01:31:17 GMT","1","23"
"4374","0xd2d57d4f0b12f2c5477f692617fa3a81ddd18ca2","","Tue, 08 Oct 2019 01:32:19 GMT","3","2"
"4375","0x0206e1db86b852a4d1dd5926ab07b2f9117fa115","","Tue, 08 Oct 2019 01:33:40 GMT","1","3"
"4376","0x2e37420bc305f1c1db2036676531b507257ab166","","Tue, 08 Oct 2019 01:38:12 GMT","1","1"
"4377","0x02c0584d32a88846d87031b001079cb87d4b3741","","Tue, 08 Oct 2019 01:39:01 GMT","1","1"
"4378","0xc09e4ac0aa42cd11b7d85f370323de2b0ae14ef7","","Tue, 08 Oct 2019 01:39:01 GMT","1","1"
"4379","0x614a61a3b7f2fd8750acaad63b2a0cfe8b8524f1","reneil.eth","Tue, 08 Oct 2019 01:39:40 GMT","3","81"
"4380","0xec933c27515c632f973d5e339adcb14fcce1f2c9","","Tue, 08 Oct 2019 01:43:28 GMT","1","1"
"4381","0x45554cb594b575376a1ebd1c71b63d2ab67e5c9e","","Tue, 08 Oct 2019 01:43:28 GMT","1","11"
"4382","0x8bf1e340055c7de62f11229a149d3a1918de3d74","juar.eth","Tue, 08 Oct 2019 01:44:13 GMT","1","1"
"4383","0x1dcf7eb73f4fc8f49ca056b40ee2691d8053bc8e","","Tue, 08 Oct 2019 01:46:52 GMT","1","1"
"4384","0xd26a3f686d43f2a62ba9eae2ff77e9f516d945b9","vengist.eth","Tue, 08 Oct 2019 01:50:51 GMT","1","4"
"4385","0xcbaf142e1047142f3b6d2c5b1d0640ece29e4eb0","","Tue, 08 Oct 2019 01:53:18 GMT","1","18"
"4386","0x1743666713f33dd57efc0d12876da3851443fc81","","Tue, 08 Oct 2019 01:53:25 GMT","1","1"
"4387","0x8aeeefdf235a391efa20d13950733e02428964d3","","Tue, 08 Oct 2019 01:56:52 GMT","1","1"
"4388","0x33239aac8aff26c900fbf56cabe91c1af8bd0a05","","Tue, 08 Oct 2019 02:01:12 GMT","1","1"
"4389","0xd384e245ee9ad5086fd641a6af50a980b68938c6","","Tue, 08 Oct 2019 02:01:12 GMT","1","1"
"4390","0x4582b0a435fc742a61cd66abf417fbef3a8e7f85","","Tue, 08 Oct 2019 02:01:12 GMT","1","2"
"4391","0x11d667c3affc379eddd574d478621ae561d4ae40","","Tue, 08 Oct 2019 02:03:16 GMT","1","1"
"4392","0x7f26e25993b226d3b83b8f33e115802ea4c4628b","","Tue, 08 Oct 2019 02:03:52 GMT","1","1"
"4393","0x5cbd508145e93732a53dc5aade033a196840da0e","","Tue, 08 Oct 2019 02:07:31 GMT","1","1"
"4394","0x10534d4e612071e6b6480c498dd8bdb8f51b9ed7","anyhowclick.eth","Tue, 08 Oct 2019 02:09:41 GMT","1","9"
"4395","0xcc4e2ec7afccacba6e7096c5622bbba98c37ac62","","Tue, 08 Oct 2019 02:09:41 GMT","1","1"
"4396","0xd1c5ee7942bfe3de759569e1149e6a9f9f6a038f","","Tue, 08 Oct 2019 02:09:41 GMT","1","2"
"4397","0x92baa005c2616041d440b0570c7f9552add19a0f","","Tue, 08 Oct 2019 02:13:26 GMT","1","1"
"4398","0xe7fb856b0926769e77b208ecb060d2ee60833c62","makerdao.argent.xyz","Tue, 08 Oct 2019 02:17:17 GMT","1","2"
"4399","0xabcdef1b9238f734f8fdbf7cb007e73bfe624b8a","","Tue, 08 Oct 2019 02:17:17 GMT","1","1"
"4400","0xa5c990b8657e8fd8db815a381c949d4a1539656f","","Tue, 08 Oct 2019 02:24:51 GMT","1","2"
"4401","0x53a942b12cd49888b1819f9d899c39bbaf778751","","Tue, 08 Oct 2019 02:41:27 GMT","1","2"
"4402","0x8a4c875ea85e430bf10a9af4172c14295560b3ea","","Tue, 08 Oct 2019 02:41:27 GMT","2","3"
"4403","0x9850347954bb5528004963a7a196328e4596c6e7","matias.eth","Tue, 08 Oct 2019 02:41:27 GMT","1","1"
"4404","0x44cf78e365a3cffed54b7f2d702c2c6239276fa3","","Tue, 08 Oct 2019 02:43:24 GMT","1","4"
"4405","0x4a82b1bbfd9b93b02a3baa4aef9ca2bbe49e6d5e","","Tue, 08 Oct 2019 02:44:06 GMT","1","1"
"4406","0x066e49fbee0561d08105e0d64a83aa4110b3b38d","","Tue, 08 Oct 2019 02:45:39 GMT","1","1"
"4407","0xb314435321fa40d33e66688551297bb4449d01a7","","Tue, 08 Oct 2019 02:47:47 GMT","1","1"
"4408","0xcf7058370dc4376536a58e09d619b5ff2969516c","","Tue, 08 Oct 2019 02:49:35 GMT","1","1"
"4409","0xfd7345c893c3620f78eece517542c86f74f88add","","Tue, 08 Oct 2019 02:50:05 GMT","1","5"
"4410","0xde4db6938e4e54717fecc48025cc718ba28a4c99","","Tue, 08 Oct 2019 02:53:26 GMT","1","1"
"4411","0x7ab874eeef0169ada0d225e9801a3ffffa26aac3","","Tue, 08 Oct 2019 02:53:26 GMT","1","1"
"4412","0x45bc25a0830b8adf1bf2304748da2160f8868459","","Tue, 08 Oct 2019 02:56:09 GMT","1","1"
"4413","0xb59ad1477882efd022d4fabac32d7d37447fe7bf","","Tue, 08 Oct 2019 02:57:55 GMT","1","1"
"4414","0xae9f9247369ae75532a533b5c3ca26717577583e","","Tue, 08 Oct 2019 03:00:52 GMT","1","1"
"4415","0x72110222f7d069ff375023edbae2a015dc94505a","","Tue, 08 Oct 2019 03:01:40 GMT","1","1"
"4416","0xb6405ec76bd78fe9dfbd81fae822103ab9e69693","","Tue, 08 Oct 2019 03:04:07 GMT","1","1"
"4417","0xa800ac3d5ec38cbf1eedb6d11903408a0d0a6bd8","","Tue, 08 Oct 2019 03:04:57 GMT","1","1"
"4418","0xa19337acf073a4cd4217b31419bfbbc5609bc645","","Tue, 08 Oct 2019 03:08:18 GMT","1","1"
"4419","0xf009abb0597cc105ab2cefc04871d1679a787166","","Tue, 08 Oct 2019 03:08:18 GMT","1","1"
"4420","0x778d04ec165d15bcd350593af3661fb032cfabfd","alexalex.eth","Tue, 08 Oct 2019 03:23:07 GMT","1","1"
"4421","0x963a2e6628730e027e43a6b9be1d3514db3f380d","","Tue, 08 Oct 2019 03:30:15 GMT","1","1"
"4422","0x63441c21cd588a0ff175aba82628df8ac03f28ba","","Tue, 08 Oct 2019 03:38:55 GMT","1","11"
"4423","0xb104ec6b89c397e6aeca83a41a788efdca9c3ed0","","Tue, 08 Oct 2019 03:53:37 GMT","1","1"
"4424","0x51b10fc262442b26b07b2de00ce077faf6e6ee1f","","Tue, 08 Oct 2019 03:56:49 GMT","2","10"
"4425","0x4e8455a139cc6ded3019b72da359af6a16f7250d","aseoconnor.eth","Tue, 08 Oct 2019 03:58:58 GMT","1","9"
"4426","0x99988890f2de1d59e1eb76d2f34cde371044b8c8","cryptozr.eth","Tue, 08 Oct 2019 03:59:39 GMT","2","1"
"4427","0x85f0ad9533aea4fdc870a8b93b0f7e71c018efcd","sunnya97.eth","Tue, 08 Oct 2019 04:05:48 GMT","1","14"
"4428","0xfe1a397fc1d1c4ac3139aea93ea5eb7455fed42c","","Tue, 08 Oct 2019 04:05:48 GMT","1","6"
"4429","0x1a39df6e931d87e0f534121ef86ff0ffd838a070","george.argent.xyz","Tue, 08 Oct 2019 04:18:24 GMT","1","8"
"4430","0xd09eb9f22a9873cbfa8ed47299dcd9c2db9ec3f8","hugomcd.argent.xyz","Tue, 08 Oct 2019 04:22:58 GMT","1","3"
"4431","0x89cf5bd061f3e0993bf92ce1901b1889b5e8686b","santisiri.argent.xyz","Tue, 08 Oct 2019 04:24:51 GMT","1","1"
"4432","0x01f3a7c99fb976911c808d83a7830fe81e2b86ef","","Tue, 08 Oct 2019 04:45:40 GMT","1","3"
"4433","0x4cc9c92dacd2e6e3ef1956dee5aa4275aa8c9b47","","Tue, 08 Oct 2019 04:57:56 GMT","1","19"
"4434","0x9b071149c201c78776fc2d0d729bf4f456a1dfbd","","Tue, 08 Oct 2019 04:59:34 GMT","1","1"
"4435","0xa116ee8392a8e65747d9cff4cf90d7bdb8e84e8a","","Tue, 08 Oct 2019 05:04:42 GMT","1","1"
"4436","0x63390e2c9e21daeb5ca74b0b9caf1d4fd77027df","hyojun.eth","Tue, 08 Oct 2019 05:05:27 GMT","1","1"
"4437","0xf56e68e5cc8a1139c61ef9391606c2d2486333b7","unifiedh.eth","Tue, 08 Oct 2019 05:06:24 GMT","1","1"
"4438","0x601c6d9eff76ae8cd7bff5fc4900f20f6f80734f","dannydesert.eth","Tue, 08 Oct 2019 05:07:58 GMT","1","10"
"4439","0x1a5b3eb121846c9505e271067f6fef7fa7ebb5f1","","Tue, 08 Oct 2019 05:18:10 GMT","1","38"
"4440","0xc73add416e2119d20ce80e0904fc1877e33ef246","cleanunicorn.eth","Tue, 08 Oct 2019 05:21:29 GMT","1","3"
"4441","0xe4e48be54a008f758904812d9238bd37d3bcec86","","Tue, 08 Oct 2019 05:21:29 GMT","1","1"
"4442","0x3cc05295ee7f666aa2fdcfe552308db47b967d08","","Tue, 08 Oct 2019 05:21:29 GMT","1","1"
"4443","0xfdf9888a34cd24d64569de5480eb5bafd449dee4","","Tue, 08 Oct 2019 05:22:13 GMT","1","1"
"4444","0x530cf036ed4fa58f7301a9c788c9806624cefd19","snotrocket.eth","Tue, 08 Oct 2019 05:31:46 GMT","1","6"
"4445","0x61060d8ba5883f047c7b0a3bf7c5e4e1a314bfc2","","Tue, 08 Oct 2019 06:02:43 GMT","1","51"
"4446","0x1512a075268e33e4d68fba17336c9f1f5547d1f6","","Tue, 08 Oct 2019 06:04:40 GMT","1","1"
"4447","0xb5a2c17c7fd72070fcf078bb8458f2f595441066","gravityblast.eth","Tue, 08 Oct 2019 06:05:59 GMT","1","1"
"4448","0x01c7664ea0e4fa975ad3b9b97794e9b0c3901985","","Tue, 08 Oct 2019 06:08:37 GMT","1","1"
"4449","0x835fb99a4c127803b0a286b3afffb18e09684266","pldespaigne.argent.xyz","Tue, 08 Oct 2019 06:12:11 GMT","1","1"
"4450","0xcdebcf59ee33978320ca2ebcd433ace6144c63c4","jmart.eth","Tue, 08 Oct 2019 06:13:30 GMT","1","1"
"4451","0x34cf776c85bae073b7a7fdabd6069a4623e5dd5b","","Tue, 08 Oct 2019 06:26:55 GMT","1","1"
"4452","0xcb46219ba114245c3a18761e4f7891f9c4bef8c0","","Tue, 08 Oct 2019 06:32:36 GMT","1","1"
"4453","0x5ae25ec8afc816f9b5aa8cca64217761179a7393","solange.eth","Tue, 08 Oct 2019 06:35:56 GMT","1","34"
"4454","0xe047fdff3d2a9b3af6834aecd67b30a16d3cb14f","","Tue, 08 Oct 2019 06:37:11 GMT","1","3"
"4455","0xe9006e8022dcd7e16628bbf11b62f48b10c662af","","Tue, 08 Oct 2019 06:44:26 GMT","1","1"
"4456","0x269501f36f0528024804bf1e35dc7834b4ac160a","","Tue, 08 Oct 2019 06:59:41 GMT","1","1"
"4457","0x39740b119bbbc0ce54d39dbeea69a2d371486a08","","Tue, 08 Oct 2019 07:01:49 GMT","1","1"
"4458","0x40f9c13364ddf2f70e01545bf2e19702fcf1d33d","","Tue, 08 Oct 2019 07:02:20 GMT","1","1"
"4459","0xe6056f52719cbc225d7093b50180b4eacf024909","","Tue, 08 Oct 2019 07:18:04 GMT","1","12"
"4460","0xd4e045755ca37fa5449f0c2fd5fedd8a5e1289d9","","Tue, 08 Oct 2019 07:18:56 GMT","1","1"
"4461","0xf0e3975a891ba985f39322c2648d9ad2b4fa8bd9","","Tue, 08 Oct 2019 07:21:04 GMT","1","1"
"4462","0xd1220a0cf47c7b9be7a2e6ba89f429762e7b9adb","alex.vandesande.eth","Tue, 08 Oct 2019 07:25:58 GMT","1","11"
"4463","0xe2ca7390e76c5a992749bb622087310d2e63ca29","binary.eth","Tue, 08 Oct 2019 07:38:42 GMT","1","7"
"4464","0xb66c2410369130a8015916a71bcb60c99652745a","","Tue, 08 Oct 2019 07:59:52 GMT","1","1"
"4465","0x624ec4a3ffa86bcef4d06706034d1fddbc9f56b4","","Tue, 08 Oct 2019 08:21:22 GMT","1","16"
"4467","0xbcbd31252ec288f91e298cd812c92160e738331a","","Tue, 08 Oct 2019 08:24:02 GMT","1","1"
"4468","0x4c0a466df0628fe8699051b3ac6506653191cc21","trent.eth","Tue, 08 Oct 2019 08:35:51 GMT","1","40"
"4469","0x34a971ca2fd6da2ce2969d716df922f17aaa1db0","andrew.eth","Tue, 08 Oct 2019 08:52:00 GMT","3","46"
"4470","0xb7a2e455ff9fa98d809beb505c8ef92666fd65e4","","Tue, 08 Oct 2019 08:52:00 GMT","1","1"
"4471","0xe96a1b303a1eb8d04fb973eb2b291b8d591c8f72","alexatallah.eth","Tue, 08 Oct 2019 09:07:41 GMT","1","3"
"4472","0xbd9cdcb6688b057080b1767261c5dc17a5804e82","","Tue, 08 Oct 2019 09:13:10 GMT","1","1"
"4473","0x2ad9ea1e677949a536a270cec812d6e868c88108","maxblaushild.eth","Tue, 08 Oct 2019 09:20:34 GMT","1","1"
"4474","0xa80ae70278136e3659d598fdcd8eac336d8c97e9","","Tue, 08 Oct 2019 09:32:19 GMT","1","1"
"4475","0x82ff474ce571c1cb8ce2176cc549c5ea7d240858","","Tue, 08 Oct 2019 09:39:28 GMT","1","1"
"4476","0x1a08aa7ba7dee9c1d34c781e58cf1f758e1fe162","","Tue, 08 Oct 2019 09:40:18 GMT","1","1"
"4477","0xf5dbd20a5345c7eafc92038efebee3c85f6b9b68","","Tue, 08 Oct 2019 10:08:44 GMT","1","14"
"4478","0xc96b7224aee5931eec046ee696e7d4b6f8532921","","Tue, 08 Oct 2019 10:12:17 GMT","1","1"
"4479","0x0d8601344a881e6a11d64188399a8ac39cbc38e0","","Tue, 08 Oct 2019 10:41:52 GMT","1","1"
"4480","0xd5ac2cd0c51349092b66fe44854552167328a985","","Tue, 08 Oct 2019 11:01:43 GMT","1","1"
"4481","0x01bef6c8a032e66591d301463c7d9b97b9c56944","","Tue, 08 Oct 2019 11:13:12 GMT","1","9"
"4482","0x352a9d61537063781d5bdab36e8dccf540d6a595","","Tue, 08 Oct 2019 11:30:33 GMT","1","2"
"4483","0x258a569245c010e99cdccb64ffd451a8b8ef8dbc","","Tue, 08 Oct 2019 11:30:59 GMT","1","5"
"4484","0x11b6a5fe2906f3354145613db0d99ceb51f604c9","harry.eth","Tue, 08 Oct 2019 12:03:06 GMT","1","40"
"4485","0xca55123aba844d347d0a18d91a958eda531447ff","","Tue, 08 Oct 2019 12:46:04 GMT","1","1"
"4486","0x41aaed807d13f3781e85dab8ef32f1285d87e640","","Tue, 08 Oct 2019 13:10:24 GMT","1","1"
"4487","0x31efd75bc0b5fbafc6015bd50590f4fdab6a3f22","time.ismoney.eth","Tue, 08 Oct 2019 13:12:30 GMT","1","5"
"4488","0x634c474a393e4498bc2f0c1dee16a50e9e0ebe2b","dankrad.eth","Tue, 08 Oct 2019 13:17:06 GMT","1","17"
"4489","0xad1ee699d6f892957d7070a6a9fb66a10eb87284","","Tue, 08 Oct 2019 13:21:24 GMT","1","1"
"4490","0xf813773ebdd4759c1b780d745081f046a5b776fb","","Tue, 08 Oct 2019 13:22:09 GMT","1","1"
"4491","0xc9811530985b645f6088c9647281a4d5b528cde7","","Tue, 08 Oct 2019 13:26:32 GMT","1","2"
"4492","0xa22e5ad45b8ddade8a3a585cad2c8ae41a49a8ba","","Tue, 08 Oct 2019 13:58:54 GMT","1","1"
"4493","0x0ab57e2507efc52c1cf65fd829f638e82287638b","","Tue, 08 Oct 2019 14:00:30 GMT","1","1"
"4494","0x39245c3e56919b4d2dc78fc6dcfe3108cc605d3e","","Tue, 08 Oct 2019 14:11:19 GMT","1","1"
"4495","0x75ab4a0e0f68eddd2d22f329fbd1d893d9fb0ab6","","Tue, 08 Oct 2019 14:18:47 GMT","1","2"
"4496","0x61ce548bdb8b1c211f58a90fddbc9793cc40912c","","Tue, 08 Oct 2019 14:24:18 GMT","1","1"
"4497","0x9018513407df018bebd06f4a6b1e03d0afd893f1","","Tue, 08 Oct 2019 14:51:17 GMT","1","1"
"4498","0x4fecae2fba20badbc71006f6aa5d1645c5ce13fd","","Tue, 08 Oct 2019 15:11:20 GMT","1","1"
"4499","0xfba2c2bbf977eda19ad819bb46787f4c91d1ffad","akzent.eth","Tue, 08 Oct 2019 15:41:08 GMT","1","1"
"4500","0xf0fe6ff0c8516b26600d1c14afffa3e9abcdd0b1","","Tue, 08 Oct 2019 16:27:11 GMT","1","1"
"4501","0x13b32484c4db180a695d63bdb6e29c948aa822ed","","Tue, 08 Oct 2019 18:08:29 GMT","1","1"
"4502","0x0802b015613ef6701192811e595e085a9c560caf","","Tue, 08 Oct 2019 19:36:45 GMT","1","6"
"4503","0x2bbd20672eae1de51fa49088b7bc1d421b7b3fec","","Tue, 08 Oct 2019 21:08:57 GMT","1","1"
"4504","0xdbf156853b040431a3e5d6d0802800b29e6ebf99","chrissmith.eth","Tue, 08 Oct 2019 21:37:39 GMT","1","3"
"4505","0x6f782dbf141c50e0b79b044b471fb8d76bcb7aed","chrismeisl.eth","Tue, 08 Oct 2019 21:45:12 GMT","1","1"
"4506","0x57ddc36edc69c5cef4fa1af395644ee5cac64768","","Tue, 08 Oct 2019 21:59:29 GMT","1","1"
"4507","0xbbc118417b23c763263397ba4a06b4be0b63ec44","","Tue, 08 Oct 2019 22:51:01 GMT","1","1"
"4508","0xd6f5646d9e7fbee7cc907eb8e12dafa5378431e6","vicente.eth","Tue, 08 Oct 2019 22:56:11 GMT","1","3"
"4509","0x3e67b24b83ff770f26496a20f5de12b125b3aca4","","Tue, 08 Oct 2019 23:09:31 GMT","1","1"
"4510","0x1e46937c34d2dadd569cc69816219ae7c99c8c36","","Tue, 08 Oct 2019 23:18:36 GMT","1","2"
"4511","0x0cf1adbb5746d9d3f6d6c6b505e64ab1b81cae97","","Tue, 08 Oct 2019 23:25:10 GMT","1","5"
"4512","0x5a3218fe0a25542cb1b3a282f144a92a65562130","","Tue, 08 Oct 2019 23:27:43 GMT","1","3"
"4513","0xbb21e164d37c2d5b89c4b35bd05068d05dd1690e","","Tue, 08 Oct 2019 23:29:28 GMT","1","1"
"4514","0x8668d36a6632aabcd64e58ae0033442c4e82f01a","","Tue, 08 Oct 2019 23:29:28 GMT","1","1"
"4515","0x0f581f00f6a318873e77715ef8953df226427ae7","rasikh.eth","Tue, 08 Oct 2019 23:33:34 GMT","3","2"
"4516","0x1494cb5f7ad7b09e9daf1ffa3070e69ae936ca0e","","Tue, 08 Oct 2019 23:33:40 GMT","1","1"
"4519","0x0492b9170ec01d91f3aa721ff8ada42dd33fbbb8","","Tue, 08 Oct 2019 23:35:37 GMT","1","4"
"4520","0xe46abaf75cfbff815c0b7ffed6f02b0760ea27f1","","Tue, 08 Oct 2019 23:37:56 GMT","1","1"
"4521","0x00d18ca9782be1caef611017c2fbc1a39779a57c","mateodaza.eth","Tue, 08 Oct 2019 23:42:24 GMT","1","36"
"4522","0x237f30e7fce352466f82152ecd02eb4d78477169","","Tue, 08 Oct 2019 23:59:02 GMT","1","1"
"4523","0x80c2fea3e1e63f9dfccfa70a01d849a5f7eee106","","Wed, 09 Oct 2019 00:02:29 GMT","1","1"
"4524","0xbf27e319282d7bb6a6e4952bd3305af897379cf9","","Wed, 09 Oct 2019 00:07:36 GMT","1","3"
"4525","0xc8ec4266cb8ed47de821e18cfb98711011a50f4d","","Wed, 09 Oct 2019 00:09:40 GMT","1","1"
"4526","0xea4c2c5e3f9eb72515cc1d37d2ae5f27af9026ec","","Wed, 09 Oct 2019 00:26:32 GMT","1","1"
"4527","0x20711a80c58456097fc47b096c2632aeec09999b","","Wed, 09 Oct 2019 01:43:15 GMT","1","1"
"4528","0xa6dffbc492e1dccae78bf4f6f6c13b1f96469e11","","Wed, 09 Oct 2019 01:49:54 GMT","1","1"
"4529","0x62174469ab600a7c3add4a2c7a7ca938a811ef46","","Wed, 09 Oct 2019 02:24:47 GMT","1","1"
"4530","0xa218a8346454c982912cf6d14c714663c2d510d8","bashalex.eth","Wed, 09 Oct 2019 02:24:47 GMT","2","4"
"4531","0xe66ae42c77736c56525edc3e633ddc625fade44e","","Wed, 09 Oct 2019 02:30:12 GMT","1","1"
"4532","0x5383ee551f32478e8f689a6dedb181bd2aa5d130","","Wed, 09 Oct 2019 03:18:20 GMT","1","1"
"4533","0xf4e7125c5d419d99827f305cb7aa8877c46ef3ed","","Wed, 09 Oct 2019 03:18:20 GMT","1","1"
"4534","0x0fb03faf4164c17abd3e447593cb80a71def946d","","Wed, 09 Oct 2019 03:18:20 GMT","1","1"
"4535","0xc4c8b6b4fed25c29024813eb89520c02cff169ea","","Wed, 09 Oct 2019 03:39:20 GMT","1","1"
"4536","0xb85f30b1ba4513d1260b229348955d5497ccb55e","","Wed, 09 Oct 2019 03:43:19 GMT","1","1"
"4537","0x3078f22015436d621062f7cc8334774eb5685e97","","Wed, 09 Oct 2019 03:44:37 GMT","1","2"
"4538","0x95157865ee514f5105e2f523a46899ba312a04b5","","Wed, 09 Oct 2019 04:36:18 GMT","1","1"
"4539","0xf40e8051c13648b16cb44e82f60e6bcae4758862","","Wed, 09 Oct 2019 04:44:05 GMT","1","1"
"4540","0xe35b827177398d8d2fba304d9cf53bc8fc1573b7","nandemotoken.eth","Wed, 09 Oct 2019 05:33:05 GMT","2","2"
"4541","0xfe2321d7dfa492dfc39330e8b85e7c49161e7f98","","Wed, 09 Oct 2019 05:34:24 GMT","1","1"
"4542","0x28be3b6d969239cdf3a81030fdbb67a1712cf8a5","","Wed, 09 Oct 2019 06:16:31 GMT","1","1"
"4543","0x023ae80005609524087dbdafdfc85b2fccdbb508","","Wed, 09 Oct 2019 06:38:37 GMT","1","2"
"4544","0x21b2ba89e5aa1560178c29541afe3ef792c5fe24","tschubotz.eth","Wed, 09 Oct 2019 07:01:57 GMT","2","3"
"4545","0xb46ac18f8fc29c552450e1ba67272e8dfc828fd1","","Wed, 09 Oct 2019 07:03:13 GMT","1","2"
"4546","0x84e94f8032b3f9fec34ee05f192ad57003337988","","Wed, 09 Oct 2019 07:06:48 GMT","1","3"
"4557","0x702fd1848ba23b27b2fc84b6ed9d0c2207c5459a","","Wed, 09 Oct 2019 09:04:02 GMT","1","1"
"4577","0xba8ec1f5ee094912266fbcca6331dff6f1a719f1","","Wed, 09 Oct 2019 11:56:06 GMT","1","1"
"4578","0x55e2780588aa5000f464f700d2676fd0a22ee160","","Wed, 09 Oct 2019 12:33:54 GMT","2","5"
"4579","0x22bfafe38379dc38f96b4acd1a581c1b1747b4f7","","Wed, 09 Oct 2019 12:51:19 GMT","1","3"
"4581","0xfc27bf5bdc304ea27e74fd3f514e5400f0a9e76d","","Wed, 09 Oct 2019 14:21:18 GMT","1","2"
"4582","0xd097390b16ae3e15ee73322fd8c116ae0ffcc8de","","Wed, 09 Oct 2019 14:36:39 GMT","2","1"
"4584","0xcd7a2ca833fa20edb5f957ff3ef683b18e147cd5","","Wed, 09 Oct 2019 21:48:18 GMT","1","1"
"4585","0x6de0d1ea00911a0f4b54e938d1c65b210dc22993","","Wed, 09 Oct 2019 23:46:09 GMT","1","1"
"4586","0x1d64f7d5b4372cb82eb5bfcda707daff6580bc2a","dominus.argent.xyz","Wed, 09 Oct 2019 23:47:49 GMT","1","1"
"4587","0xc1f81d02a1380f1467799831477d768a873f4438","","Thu, 10 Oct 2019 00:08:18 GMT","1","1"
"4589","0xe69f609c75f8640fa034166c63929f2875c01343","hish.eth","Thu, 10 Oct 2019 00:48:04 GMT","1","1"
"4590","0x6bd89d9ebbbb9454da984b999e9bb679cfcb7830","","Thu, 10 Oct 2019 00:48:17 GMT","1","1"
"4591","0x88f4a2cf89c353af174d3a9e02da7acbbbf436a4","","Thu, 10 Oct 2019 01:04:00 GMT","1","10"
"4593","0x664bd30e401b8b4bba5696a507d72d9325df2164","","Thu, 10 Oct 2019 01:15:05 GMT","1","1"
"4594","0x8719e23085f1294145b19cacf328f245b1e7d127","","Thu, 10 Oct 2019 01:16:14 GMT","1","1"
"4595","0xeaadcf8a431e48ebd73ce81e240b2c13c690b601","shouldhaveboughtmore.eth","Thu, 10 Oct 2019 01:20:34 GMT","1","11"
"4596","0xc1603fa2728cab1f9fa56ab95f72853daaa22dbc","","Thu, 10 Oct 2019 01:52:24 GMT","1","1"
"4597","0xeee61d4100c2a8fe0c3b3e9e9dd6b8afd2f2d40d","","Thu, 10 Oct 2019 02:01:47 GMT","1","2"
"4598","0xa30b92e81f060bfe6b19b34301ffd7ad55a8fac7","","Thu, 10 Oct 2019 02:18:42 GMT","1","1"
"4599","0x59705b866823200b69a7d1e2790afaa15cc6f813","superlouis.eth","Thu, 10 Oct 2019 02:18:42 GMT","2","3"
"4600","0xb522bd8a501dfa970c40b57eb76c76256d55758d","","Thu, 10 Oct 2019 02:51:09 GMT","1","1"
"4601","0xdef8c54e65ef664b3e2cdd0dda02a3084a1969e1","","Thu, 10 Oct 2019 02:51:09 GMT","2","1"
"4602","0x9181960c1d74ebf698edeafc3b0ed7f3c2cf1512","","Thu, 10 Oct 2019 03:23:26 GMT","1","1"
"4603","0x54c3da77658e3b03750f4b953d854159bcd2a944","","Thu, 10 Oct 2019 03:52:10 GMT","1","1"
"4604","0x77aa4bf0df4b6729730ea08c78a624673ce63dee","","Thu, 10 Oct 2019 04:44:27 GMT","1","1"
"4605","0xbbd1aac48c81e982386eb500eeb44f15b51910f0","","Thu, 10 Oct 2019 06:13:13 GMT","1","1"
"4607","0x144a7025facb00da2e82287b6760614bea8900f0","","Thu, 10 Oct 2019 14:06:31 GMT","1","1"
"4608","0x4ce455025b47320f3d3e23b50d2ec4b889ae89f2","","Thu, 10 Oct 2019 14:09:23 GMT","1","1"
"4609","0x1f01a526ab810729f6d4ea3dd17e00f105d16fc9","","Thu, 10 Oct 2019 16:40:10 GMT","1","1"
"4610","0x2dabb24e53b5d14980cb9df20d05bcfd3a9f4b0f","","Thu, 10 Oct 2019 23:36:47 GMT","1","1"
"4611","0x26e8d7342cea0b6efee8b3ed3119c584d0d12aab","","Thu, 10 Oct 2019 23:54:27 GMT","1","3"
"4612","0x98d562c7a4781e3e6c0d16f67469b0a3b0cb25c7","avocadosalad.eth","Fri, 11 Oct 2019 00:06:45 GMT","1","26"
"4613","0x1f3d2faa640d9ce0366da072b8a376d07053b5bc","","Fri, 11 Oct 2019 00:39:40 GMT","1","1"
"4614","0xcc8896fb26a0a9ad120767f6844b18878f19508c","","Fri, 11 Oct 2019 00:41:32 GMT","1","1"
"4615","0xdffd392b04880982fb72778a5bcf15d2c475a594","","Fri, 11 Oct 2019 00:41:32 GMT","1","2"
"4616","0x08d816526bdc9d077dd685bd9fa49f58a5ab8e48","kiwi.eth","Fri, 11 Oct 2019 00:41:32 GMT","1","18"
"4617","0xe8666940e1ca3404a71d52575f55d75c6ec52719","","Fri, 11 Oct 2019 00:42:15 GMT","1","1"
"4618","0x52c78fc7ae6dec7c9fd9a77bba80a58ce2fae474","martintel.argent.xyz","Fri, 11 Oct 2019 00:42:15 GMT","3","110"
"4619","0x6394b37cf80a7358b38068f0ca4760ad49983a1b","","Fri, 11 Oct 2019 00:57:39 GMT","1","1"
"4620","0x7cfe79c1c2a174c3cd563ab05295366b48c37034","","Fri, 11 Oct 2019 00:58:56 GMT","1","1"
"4621","0x1271f0c3050b593b43216ceb79146f6ce1e36321","","Fri, 11 Oct 2019 01:00:15 GMT","1","8"
"4622","0x49d56a0ae3608b683755cd54e2020134319213e5","","Fri, 11 Oct 2019 01:01:35 GMT","1","1"
"4623","0xc01426a4b30fa24e39896bb04285ad3054039330","","Fri, 11 Oct 2019 01:04:24 GMT","1","1"
"4624","0xf7b704046b1e2e0674e3c113c641126d1e4d8293","","Fri, 11 Oct 2019 01:18:20 GMT","1","1"
"4625","0x41055fa2ad5603508b213ce2f9782b99130aabb1","","Fri, 11 Oct 2019 01:20:51 GMT","1","1"
"4626","0x635718f7f433ba3da67f886b6949c4f9c6859ddc","","Fri, 11 Oct 2019 01:22:35 GMT","1","1"
"4627","0xa87922d0074bcd82ac82816633cce68472548955","shemnon.eth","Fri, 11 Oct 2019 01:39:15 GMT","1","4"
"4628","0x0352aa4d1c8f15402423b71382716bb8b1f18c0e","","Fri, 11 Oct 2019 01:39:15 GMT","1","1"
"4629","0xe3665c89e0195246901c77423098ef2b379e43fb","","Fri, 11 Oct 2019 01:44:46 GMT","1","1"
"4630","0x26d656528773c4fd7ede020e12338d3d6620555b","","Fri, 11 Oct 2019 01:44:46 GMT","1","1"
"4631","0xfa51720866abddbc3c11472ca6767de130685d19","","Fri, 11 Oct 2019 01:47:16 GMT","1","1"
"4632","0xb6e32c75a2083a38f6cce6e65756c0bf86d84200","denizomer.eth","Fri, 11 Oct 2019 01:47:16 GMT","1","6"
"4633","0x7116ed38fb561f8cb379a00eb1582421a2c7e820","","Fri, 11 Oct 2019 01:48:09 GMT","1","1"
"4635","0x7fdf6e79074a94e3ca2f880c135ddc9758291ce7","","Fri, 11 Oct 2019 02:15:40 GMT","1","1"
"4636","0xcd0b0257e783a3d2c2e3ba9d6e79b75ef98024d4","","Fri, 11 Oct 2019 02:37:20 GMT","1","3"
"4637","0x1a68e002efa42cf3bdef81d66bb41f9d677420be","","Fri, 11 Oct 2019 02:47:34 GMT","1","2"
"4638","0xe49f16133a233b791f97377a9e8cb72987f3226c","","Fri, 11 Oct 2019 03:01:57 GMT","1","1"
"4639","0x1084b55cb63de549806a521036f7dad2d37e3fae","pipe.eth","Fri, 11 Oct 2019 03:03:13 GMT","1","15"
"4640","0x569b9360e3a93f1d7230ce6418eb241b331c5286","","Fri, 11 Oct 2019 03:06:37 GMT","1","3"
"4641","0xcd0c599f1b6709a026978a75e0ca2021446e2ed6","philiff.eth","Fri, 11 Oct 2019 03:11:38 GMT","1","4"
"4642","0x9dc12d97a28830511629422fcc7c3cb510fa4dbb","","Fri, 11 Oct 2019 03:12:45 GMT","1","1"
"4643","0x9fef6c257a82a76169c29d2a75b22552baccca39","","Fri, 11 Oct 2019 03:16:58 GMT","1","1"
"4644","0x2bf16d2cee45ba58ca836ef50bcce0a8999a6ff8","","Fri, 11 Oct 2019 03:38:49 GMT","1","1"
"4645","0xa24669f08d519609c26cf5257062c1689efe69db","","Fri, 11 Oct 2019 03:51:15 GMT","1","1"
"4646","0x76574be12b8218b3eb23cd72714bdf19c1c200b6","","Fri, 11 Oct 2019 04:17:38 GMT","1","1"
"4647","0x27a2eaaa8bebea8d23db486fb49627c165baacb5","","Fri, 11 Oct 2019 04:24:26 GMT","1","1"
"4648","0xac9e6fa8ad5214f365e99ee96227598ea1e4b20c","","Fri, 11 Oct 2019 04:24:26 GMT","1","1"
"4649","0xd2333bd29f98cf17529a5b1d3bad20ae94e4e617","","Fri, 11 Oct 2019 04:34:50 GMT","1","1"
"4650","0x55406366f5f52becf59da9db378442c5b68c0458","opschain.argent.xyz","Fri, 11 Oct 2019 04:58:12 GMT","1","1"
"4651","0x763bffd19b7c0351db4d730b631e145f79b44c9d","","Fri, 11 Oct 2019 05:07:59 GMT","1","1"
"4652","0xf2dec07dccf832966abb334b8e24866fc6d34eda","","Fri, 11 Oct 2019 05:07:59 GMT","1","1"
"4653","0x39090ff6a81b4f1a4f6858424009e732d9ce5720","","Fri, 11 Oct 2019 05:47:30 GMT","1","1"
"4654","0xeef9530b42dd9df11ca01dbd4d5d44264dff9934","raphafi.eth","Fri, 11 Oct 2019 06:34:39 GMT","1","5"
"4655","0x7cb71635162db9282554d7a9b808e8dea2bf55cb","","Fri, 11 Oct 2019 06:48:12 GMT","1","7"
"4656","0xfa398d672936dcf428116f687244034961545d91","okwme.eth","Fri, 11 Oct 2019 06:53:32 GMT","1","5"
"4657","0x424948506bac917c8904c4001423776cafa6b879","","Fri, 11 Oct 2019 07:05:59 GMT","1","1"
"4658","0x25ec0f42f9f73e3c8563300fe75a5c4b8160b5e7","","Fri, 11 Oct 2019 07:19:19 GMT","1","2"
"4659","0xbc8dafeaca658ae0857c80d8aa6de4d487577c63","victor928.eth","Fri, 11 Oct 2019 07:34:05 GMT","1","3"
"4660","0xeda3c41535ae147bd10d7b18884c7340b893cbdc","","Fri, 11 Oct 2019 07:40:24 GMT","1","1"
"4661","0x450ceb70418dce30846400650766b4553b8c8208","","Fri, 11 Oct 2019 07:42:15 GMT","1","1"
"4662","0x287ec72190b0338bf33b860f83022cf7b7786910","","Fri, 11 Oct 2019 07:42:19 GMT","1","1"
"4663","0x64ada61a605fe81d1adc19958af6c86e21264437","","Fri, 11 Oct 2019 08:00:44 GMT","1","1"
"4664","0xac1c0a7929c889b092f3299b4fb14717225c0c09","","Fri, 11 Oct 2019 08:27:03 GMT","1","1"
"4665","0x997d35b300ba1775fdb175df045252e57d6ea5b0","","Fri, 11 Oct 2019 08:27:03 GMT","1","1"
"4666","0x068484f7bd2b7d7c5a698d89e75ddcaf3a92b879","","Fri, 11 Oct 2019 09:17:37 GMT","1","54"
"4667","0xd262d146e869915444d0f34ecdaabab5ab43007e","benjaminion.eth","Fri, 11 Oct 2019 09:54:31 GMT","1","7"
"4668","0xf947507f9e8f373dbbbe4ff0d6919cd3ca7c5dad","","Fri, 11 Oct 2019 10:20:31 GMT","1","1"
"4669","0xcc023b104389c29b354d7152ccc36898bfee0965","","Fri, 11 Oct 2019 12:07:50 GMT","1","3"
"4670","0x647786b54298ca888eccb5e3d16de5979e77b98b","","Fri, 11 Oct 2019 13:28:19 GMT","1","1"
"4671","0x6d5f7beca81976fa363ffaa6d65171d66b5dee65","","Fri, 11 Oct 2019 13:32:55 GMT","1","1"
"4672","0x59148f32ed5093c9a844cfe1a8da6d4b4206c5a2","","Fri, 11 Oct 2019 14:11:40 GMT","1","1"
"4673","0x5e58dda796c8a6ae08a55497b57c68262979ec5e","","Fri, 11 Oct 2019 14:47:50 GMT","1","1"
"4674","0xd390809400a29976182910330072c7ef713889fb","","Fri, 11 Oct 2019 14:49:40 GMT","1","1"
"4780","0xb1b6e377aa6ec6928a1d499ae58483b2b99658ec","","Sat, 12 Oct 2019 00:43:30 GMT","1","2"
"4781","0xd6ce8bca06795cc1711dfd4927a6ebde6c86f1e2","","Sat, 12 Oct 2019 01:20:20 GMT","1","1"
"4782","0x3477f07b252ccef3bf1945328dcf5381c28f2d44","","Sat, 12 Oct 2019 01:41:59 GMT","1","1"
"4783","0xa2ffcafdd265d065255f7615fdd7db8b3fd6dec9","","Sat, 12 Oct 2019 03:23:32 GMT","1","11"
"4784","0x41ec58342ab5f770cfdd4a8c091cb0e01b31dc8f","","Sat, 12 Oct 2019 03:48:24 GMT","1","1"
"4785","0xec6be692d427b20246c6502d028692951fcd0cd5","","Sat, 12 Oct 2019 05:01:30 GMT","1","1"
"4786","0x869ce6fb96b6e4d1458143d6e97bb353b8281bbc","ethereumjesus.eth","Sat, 12 Oct 2019 05:27:21 GMT","2","1"
"4787","0x7e5ce10826ee167de897d262fcc9976f609ecd2b","evgeny.eth","Sat, 12 Oct 2019 05:51:07 GMT","1","2"
"4788","0xb3eef599e77fddcb1538338a02bc641cd3b7bb48","","Sat, 12 Oct 2019 07:05:56 GMT","1","2"
"4789","0xe8d5d28f875f81f49d2fae5250477c5d7a46abf2","","Sat, 12 Oct 2019 07:09:40 GMT","1","1"
"4790","0xcc0fbb4187614c664b1af145ceb7bb8c480b3fab","zevel.eth","Sat, 12 Oct 2019 07:27:42 GMT","1","7"
"4791","0xda4161283daed2ab8f7b691a1aa3c458dc897ce9","","Sat, 12 Oct 2019 07:33:50 GMT","1","1"
"4792","0xfbf8c3c8076467399dd9e5c58a52d612fd15d5b9","","Sat, 12 Oct 2019 08:17:54 GMT","1","1"
"4793","0x41b4e473d1207621d67bfcc76267f485ee0e24a1","","Sat, 12 Oct 2019 09:45:58 GMT","1","2"
"4794","0x94bea53fef03365828039a2de86e2b549c134bc7","","Sat, 12 Oct 2019 09:51:20 GMT","1","1"
"4795","0x5b93ff82faaf241c15997ea3975419dddd8362c5","coopahtroopa.eth","Sat, 12 Oct 2019 12:05:53 GMT","1","71"
"4796","0x45ec3b0b163e868d9aa1e4eaa02c754b33bde9e2","","Sat, 12 Oct 2019 12:22:27 GMT","1","1"
"4797","0x8700073c454867ade05613921f23889d7028d1e9","","Sat, 12 Oct 2019 14:31:12 GMT","1","1"
"4798","0x2388c11d0532ce92a99d16d1980cc5980cf575c3","ejwessel.eth","Sat, 12 Oct 2019 20:03:57 GMT","2","12"
"4799","0xd714dd60e22bbb1cbafd0e40de5cfa7bbdd3f3c8","auryn.eth","Sun, 13 Oct 2019 00:10:13 GMT","1","5"
"4800","0xad05a552abe9e8e9fd30058cd7930929c56a66bf","yaoandrew.argent.xyz","Sun, 13 Oct 2019 00:53:51 GMT","1","1"
"4801","0x2de14db256db2597fe3c8eed46ef5b20ba390823","sina.eth","Sun, 13 Oct 2019 01:38:28 GMT","1","53"
"4802","0x3290bb2dba0a4dea2c4723014c902a17b2bca1ac","","Sun, 13 Oct 2019 05:57:54 GMT","1","4"
"4803","0xe2d27f6242e848d310b000cc355a4c1e470fe779","","Sun, 13 Oct 2019 06:49:52 GMT","1","1"
"4804","0x400ea6522867456e988235675b9cb5b1cf5b79c8","","Sun, 13 Oct 2019 10:00:46 GMT","1","2"
"4805","0x8cccfa7b9ec9076b76041940d7835bc0a4488c6e","kaichen.eth","Sun, 13 Oct 2019 11:49:51 GMT","1","1"
"4806","0xb21c33de1fab3fa15499c62b59fe0cc3250020d1","protolambda.eth","Sun, 13 Oct 2019 13:47:52 GMT","1","16"
"4807","0x505e20c0fb8252ca7ac21d54d5432eccd4f2d076","rockfridrich.eth","Sun, 13 Oct 2019 13:58:57 GMT","1","2"
"4808","0x85d67f5b441a32cb715867f8053aea6259a6c549","","Sun, 13 Oct 2019 14:12:16 GMT","1","1"
"4809","0x6dfafe40fb06bebdc5f44d9d085da6328e281db8","ethereumnetwork.eth","Sun, 13 Oct 2019 14:47:00 GMT","2","18"
"4811","0x5fc4d6cf7777ff7a89268562959680df6e6dd83d","mierzwik.eth","Sun, 13 Oct 2019 22:30:35 GMT","1","1"
"4812","0x639752f607ded5aa18939ea7d46aaced33b88363","kazuaki.eth","Sun, 13 Oct 2019 23:47:13 GMT","1","3"
"4813","0x5c1584a98a8b974c3b75911da0e3111fe7a139db","","Mon, 14 Oct 2019 00:39:15 GMT","1","1"
"4814","0x8d93471dfd2a9d9bdc56edee93f3fc57b8078d68","","Mon, 14 Oct 2019 00:53:50 GMT","2","6"
"4815","0x27be20f4a9a23cba972455ec593df8079a93e96d","","Mon, 14 Oct 2019 03:45:22 GMT","1","1"
"4816","0x74aa01d162e6dc6a657cac857418c403d48e2d77","payian.eth","Mon, 14 Oct 2019 04:28:56 GMT","1","1"
"4817","0xd9330df140795aec918b52dd94b84a48724b9fdf","","Mon, 14 Oct 2019 05:30:06 GMT","1","1"
"4818","0x0dbccb2f2b16926dd60770ff72c6bf6e5cab3cbe","vyom.eth","Mon, 14 Oct 2019 05:42:47 GMT","1","5"
"4819","0xb8d7b045d299c9c356bc5ee4fe2dddc8a31280a5","","Mon, 14 Oct 2019 07:58:36 GMT","1","1"
"4820","0x48f1c4943cb461365910f014e1d2bab5702c4b26","","Mon, 14 Oct 2019 08:36:08 GMT","1","1"
"4821","0xcb235d0dc69e8d085b4179c77e7981d1b9d90aca","","Mon, 14 Oct 2019 08:43:50 GMT","1","7"
"4822","0x3639f46a7c2060fff60c9020bdcc92055a9af1cc","","Mon, 14 Oct 2019 12:24:54 GMT","1","2"
"4823","0xb1d0e62102adb70452bdd98fc23ed07a4509d5e6","","Mon, 14 Oct 2019 13:24:56 GMT","1","2"
"4824","0x30788ef49874579484c88e89f9d48c27acd2f160","","Mon, 14 Oct 2019 13:31:14 GMT","1","5"
"4825","0x7279d4a7eeb2f0b5bff07d3047162b9dd8329b7d","","Mon, 14 Oct 2019 14:27:37 GMT","1","1"
"4826","0x6226203a035c84658d86bbaba315912b79012984","","Mon, 14 Oct 2019 15:33:44 GMT","1","1"
"4827","0x9a7ed3946173cd03de4e942fa41d66a53bb03f29","","Mon, 14 Oct 2019 15:49:27 GMT","1","1"
"4828","0x2de2299db048a9e3b8d1934b8dae11b8041cc4fd","metaholly.eth","Mon, 14 Oct 2019 17:37:09 GMT","1","16"
"4829","0x3a7359515e1d627c0f2e04b78707ab30c401890e","","Tue, 15 Oct 2019 01:00:26 GMT","1","1"
"4830","0x345e845ada1ee1de8a8677939293fae19de50d22","","Tue, 15 Oct 2019 01:26:52 GMT","1","5"
"4831","0x9428e55418755b2f902d3b1f898a871ab5634182","catman.eth","Tue, 15 Oct 2019 03:47:09 GMT","1","12"
"4832","0x96d4f0e75ae86e4c46cd8e9d4ae2f2309bd6ec45","","Tue, 15 Oct 2019 04:54:14 GMT","1","22"
"4833","0x1477b258ebe015f7a5e70cc7f36ee9fe3c1f6272","","Tue, 15 Oct 2019 05:05:39 GMT","1","1"
"4834","0xa1b02d8c67b0fdcf4e379855868deb470e169cfb","markpereira.eth","Tue, 15 Oct 2019 05:18:34 GMT","1","10"
"4835","0x7311e98e8a50fdfcc333f4c662d50b74cd2886e4","","Tue, 15 Oct 2019 09:31:25 GMT","1","1"
"4836","0xe317c793ebc9d4a3732ca66e5a8fc4ffc213b989","","Tue, 15 Oct 2019 11:06:15 GMT","1","1"
"4837","0x91f9a3af685f3664f560b19c996c1a89e7b4b223","","Tue, 15 Oct 2019 11:21:49 GMT","1","2"
"4838","0xf7f1862b486d7dd42eb8aa6c9c78488fbb29738b","","Tue, 15 Oct 2019 14:21:33 GMT","1","1"
"4839","0xd8b1e08f1b488ec6ca99ab30fc1adb05f3304e43","","Tue, 15 Oct 2019 17:46:46 GMT","1","2"
"4840","0x983110309620d911731ac0932219af06091b6744","brantly.eth","Tue, 15 Oct 2019 17:51:06 GMT","2","13"
"4842","0xe881fa7efeee30f748d3dafb8afca870038cbb74","","Tue, 15 Oct 2019 18:23:15 GMT","1","8"
"4843","0xb14432c8907d14687aeea6ae7ae7ed646f070612","","Wed, 16 Oct 2019 00:15:40 GMT","1","25"
"4844","0xd95c6c6a970d1053acb0763a3048ee19e3de2446","raino.eth","Wed, 16 Oct 2019 00:51:05 GMT","1","2"
"4845","0xbf8f7ced8bc63d4fdb890beea24390fa760aefbf","","Wed, 16 Oct 2019 01:47:37 GMT","1","1"
"4846","0xd15f105e2667fd52313877585d4a0b316c7d8a20","","Wed, 16 Oct 2019 02:26:14 GMT","1","1"
"4847","0x4906ffed6fb3827bbfcc408b9645dd0e1f2795b4","","Wed, 16 Oct 2019 03:23:11 GMT","1","1"
"4848","0x6120be5cd0094a61c948acd9bca6c02735254a1a","","Wed, 16 Oct 2019 03:55:14 GMT","1","1"
"4849","0x6120932248dafbddb7e97279e10f9348b0e0242c","6120.eth","Wed, 16 Oct 2019 04:05:20 GMT","1","7"
"4850","0x0a7eaee9d588c0af4eac758c3bd6b1e69e4d8f3b","oliver.eth","Wed, 16 Oct 2019 14:14:45 GMT","1","2"
"4851","0x4380429fa09165f547b6114d4180c2b575c18768","christer.argent.xyz","Wed, 16 Oct 2019 14:16:10 GMT","1","1"
"4852","0xb81e88279f3208001aeda20689d3e5d818758dbf","thibauld.eth","Wed, 16 Oct 2019 15:51:21 GMT","1","1"
"4853","0x289f343b0b3ff5e287f10cdbe2eda38c0a0e117d","ke5arin.argent.xyz","Wed, 16 Oct 2019 15:55:26 GMT","1","2"
"4854","0xe2e8ee234f04d54d544187cbfb5613d299cff3f8","","Thu, 17 Oct 2019 02:27:14 GMT","1","1"
"4855","0xabccb8f0a3c206bb0468c52ccc20f3b81077417b","","Thu, 17 Oct 2019 02:49:35 GMT","1","2"
"4856","0x3891c56531c6ac9ca7880efe8a74e0937d88501c","juincc.eth","Thu, 17 Oct 2019 03:00:35 GMT","1","2"
"4857","0x4718ce007293bce1e514887e6f55ea71d9a992d6","steadydrift.eth","Thu, 17 Oct 2019 07:14:21 GMT","1","9"
"4858","0xdf00e071996de3336899bbd5722592b3d972e788","","Thu, 17 Oct 2019 14:08:29 GMT","1","2"
"4859","0xba9f6ba601a08dd58f340857ad7a1644684e9754","","Thu, 17 Oct 2019 15:16:19 GMT","1","1"
"4860","0x6a3738c6299f45c31697acea647d49edcc9c28a4","web3swift.eth","Thu, 17 Oct 2019 16:40:05 GMT","1","4"
"4861","0xbd417e9ea6b23e06b8dc7a71b75adaf3b624be21","","Thu, 17 Oct 2019 17:54:40 GMT","1","1"
"4862","0x4b79b4c323692c7a5fc0d924b28d19c3605dee3f","","Thu, 17 Oct 2019 18:29:41 GMT","1","4"
"4863","0x6cd68e8f04490cd1a5a21cc97cc8bc15b47dc9eb","kirbyong.eth","Fri, 18 Oct 2019 01:50:32 GMT","2","2"
"4864","0x5fa079673749104641b0e59388a87c84c2843fe6","shrednewbie.eth","Fri, 18 Oct 2019 04:50:06 GMT","1","17"
"4865","0x61578c3f558f89786aad724284ea96a310772d4a","0xdeniz.eth","Fri, 18 Oct 2019 07:05:51 GMT","1","13"
"4866","0x7cc6e9087ef2a51c448850ff97db3ce3e026854e","danielrx.eth","Fri, 18 Oct 2019 08:17:45 GMT","1","1"
"4867","0x24e399144260b747d53a2b4914de164f4e193ba2","","Fri, 18 Oct 2019 10:24:52 GMT","1","8"
"4868","0x29635b740c4339e4557d82fe22b316e0e402c79e","","Fri, 18 Oct 2019 10:58:00 GMT","1","1"
"4869","0x29954294cdc9bf89f54737f6298bc1d4f85eb5b7","","Fri, 18 Oct 2019 16:05:32 GMT","1","1"
"4870","0xf5ac0b87325bf1b3eee525eb9646fafd69d2fedc","edsphinx.eth","Fri, 18 Oct 2019 16:28:43 GMT","1","7"
"4872","0x557c57e399921477f794043b1ed7ef7e9183575d","","Fri, 18 Oct 2019 17:12:23 GMT","1","1"
"4873","0x72ba1965320ab5352fd6d68235cc3c5306a6ffa2","nanexcool.eth","Fri, 18 Oct 2019 19:51:27 GMT","1","58"
"4874","0xf71e9c766cdf169edfbe2749490943c1dc6b8a55","prestonvanloon.eth","Sat, 19 Oct 2019 01:14:09 GMT","1","2"
"4875","0x915aa445720020eb1a59151e831111369b08e118","barnabe.eth","Sat, 19 Oct 2019 02:40:17 GMT","1","1"
"4876","0x2104adcf3f4b5eabec0913b04c91d1555e9fcc09","","Sat, 19 Oct 2019 07:50:58 GMT","1","1"
"4877","0xd76f912e98d19fa7b55d70d54731c703147905a8","","Sat, 19 Oct 2019 09:04:13 GMT","1","1"
"4878","0xc6f3545c2a2ca0caefdd4c60541dce573a4bf173","","Sat, 19 Oct 2019 12:28:14 GMT","1","1"
"4879","0x8fb1d5e8f4dda65302f904cd8c7f3d09a1130e0d","","Sat, 19 Oct 2019 12:44:46 GMT","1","1"
"4880","0x9f5ffa0018f5718533120826e75a04e557357f1f","","Sat, 19 Oct 2019 13:51:12 GMT","1","1"
"4881","0x2689bf097e512aacf924557a7bd312e292dc8271","","Sat, 19 Oct 2019 14:12:55 GMT","1","1"
"4882","0xfe32f8d79306a97190d72e0c7c5c54c6110232fa","","Sat, 19 Oct 2019 14:24:32 GMT","1","1"
"4883","0x9f7c425df10cf96334cc00cff0864c40f00c3c09","","Sun, 20 Oct 2019 08:42:23 GMT","1","1"
"4884","0x289c23cd7cacafd4bfee6344ef376fa14f1bf42d","miguel.eth","Sun, 20 Oct 2019 11:19:07 GMT","1","3"
"4885","0xb7835d3360397392e788e62d4b7b7fa77dae2cd9","","Sun, 20 Oct 2019 13:57:09 GMT","1","1"
"4886","0x8b37e7ac523f9cb369878cbba73897eb38525712","huzhiwei.eth","Sun, 20 Oct 2019 14:13:28 GMT","1","1"
"4887","0x3f869df1044dd6378628e561b65421c976d51da8","","Mon, 21 Oct 2019 04:02:07 GMT","1","1"
"4888","0xac9ba72fb61aa7c31a95df0a8b6eba6f41ef875e","jdetychey.eth","Mon, 21 Oct 2019 13:38:57 GMT","2","16"
"4894","0x214b8f7501624248438bc7a4db15f7899e38e537","alexo.argent.xyz","Mon, 21 Oct 2019 17:11:32 GMT","1","9"
"4895","0x83e4142225ecc3ce1a8061465d219c01b250e33a","","Tue, 22 Oct 2019 14:34:03 GMT","1","2"
"4896","0xa50ecb238bfa1b1c9050c58cf3e99c99260c4ed1","","Tue, 22 Oct 2019 16:05:44 GMT","1","3"
"4897","0x7d678b9218ac289e0c9f18c82f546c988bfe3022","crites.eth","Wed, 23 Oct 2019 00:37:32 GMT","1","3"
"4898","0x66268791b55e1f5fa585d990326519f101407257","","Wed, 23 Oct 2019 01:16:43 GMT","1","6"
"4901","0x00181f733b2624dd87c2264d8df138dd2389eed7","kirushik.eth","Wed, 23 Oct 2019 07:56:21 GMT","1","2"
"4902","0xf690c888773b33eaf56a399467c56813f3d03885","","Wed, 23 Oct 2019 21:51:37 GMT","1","4"
"4903","0x627926659b65b7c86b88052289b419d6f425cfc3","","Wed, 23 Oct 2019 22:17:02 GMT","1","1"
"4904","0x16e0cf9e9ae0f5b60e0dce05a3a3669a9e9e5196","","Wed, 23 Oct 2019 22:37:50 GMT","1","2"
"4905","0xe17f732e2add64790d3374aa92abe7720367588c","","Wed, 23 Oct 2019 22:50:37 GMT","1","3"
"4906","0x9dd195defa76beb693d7822302114f711bd136f1","","Wed, 23 Oct 2019 23:35:27 GMT","1","1"
"4907","0x462e68a150d6bcc87330602d2baea769a9a00a98","tomborgers.argent.xyz","Thu, 24 Oct 2019 00:38:37 GMT","1","1"
"4908","0x487d03af4cbabb6cd2e0e1847b90c28cb1e392e0","","Thu, 24 Oct 2019 06:37:16 GMT","1","1"
"4909","0x884906884ac4898b982c7a12cbff5c5a743f0dbd","zcode.eth","Thu, 24 Oct 2019 07:29:20 GMT","1","1"
"4910","0xf9958fc198163c10f34e931d93abf7ef18762a2d","emarchenko.eth","Thu, 24 Oct 2019 07:36:00 GMT","1","4"
"4911","0xa338096d43effc151e7e89519b524ca5a7e5626f","oisinkyne.eth","Thu, 24 Oct 2019 07:51:14 GMT","1","5"
"4912","0x40c3755c1b6cba0707a1e9056314463927cbd8ba","","Thu, 24 Oct 2019 09:51:48 GMT","1","3"
"4913","0xfbc655c4b061758589e03fdad9e3abc55732d9c3","","Thu, 24 Oct 2019 10:04:34 GMT","1","1"
"4914","0xf0d6958c9b962030a082d7a4d762658b749a41f4","","Thu, 24 Oct 2019 11:11:49 GMT","1","1"
"4915","0x6d33523e4a19e92cf637f6b0528c51df6c498571","","Thu, 24 Oct 2019 11:33:25 GMT","1","1"
"4916","0x6d31165d5d932d571f3b44695653b46dcc327e84","","Thu, 24 Oct 2019 15:02:04 GMT","1","1"
"4918","0x916b947a35beba30885a43fab6864542c252feed","","Thu, 24 Oct 2019 18:44:03 GMT","1","1"
"4919","0xda3372b4845ffa9c3193852fb81ef5a8b07d8b86","","Thu, 24 Oct 2019 20:18:25 GMT","1","1"
"4921","0xfa67866f75c7f8e55ec72240dec1483ced4d826f","","Thu, 24 Oct 2019 21:07:01 GMT","1","1"
"4940","0x2c23ba790742229e925e9f76b715738f89118466","","Fri, 25 Oct 2019 13:57:37 GMT","1","1"
"4942","0xd85f89c4257b0e3db1da52f098982753994d4ae6","andrei.ethereum.eth","Fri, 25 Oct 2019 18:07:19 GMT","1","2"
"4945","0xac4361f56c82ed59d533d45129f407015d84702a","ethosdev.eth","Sat, 26 Oct 2019 06:13:55 GMT","1","14"
"4948","0x5c4b2dbb3f9773186a14a5736c5b13705f0c4c4d","","Sun, 27 Oct 2019 08:25:40 GMT","1","1"
"4952","0xb967ec71a71771df5f669c13541b59108dbfaf48","","Sun, 27 Oct 2019 11:41:43 GMT","1","12"
"4961","0x89427711e6c2a8f88055c9619d44e049ae653a84","","Sun, 27 Oct 2019 15:54:48 GMT","1","1"
"4962","0xa5f60bb64f8995d00e5c826cfbfc16bb0b41476b","","Sun, 27 Oct 2019 18:29:03 GMT","1","2"
"4963","0x6cd71d6cb7824add7c277f2ca99635d98f8b9248","","Sun, 27 Oct 2019 20:49:36 GMT","1","1"
"4964","0xe8d848debb3a3e12aa815b15900c8e020b863f31","dennisonbertram.eth","Sun, 27 Oct 2019 22:22:35 GMT","1","14"
"4965","0x5b655eda7d101f98934392cc3610bcb25b633789","shayan.eth","Sun, 27 Oct 2019 22:39:56 GMT","1","25"
"4967","0x7f945bfa74eda219298737d70c510d8bdccf56e3","","Mon, 28 Oct 2019 04:18:58 GMT","1","1"
"4968","0x425d16b0e08a28a3ff9e4404ae99d78c0a076c5a","","Mon, 28 Oct 2019 09:40:03 GMT","1","2"
"4969","0x824e8fa64ff92b859cc9991ac044e00b665b9b04","","Mon, 28 Oct 2019 16:32:20 GMT","1","1"
"4970","0x4b80eacb95b62c7c6818d4c7a30e94e612b9a0f1","","Mon, 28 Oct 2019 19:51:06 GMT","1","1"
"4977","0x502e25d873a2d080d8be2edd57d21b1374b4c6fd","","Tue, 29 Oct 2019 21:05:47 GMT","1","1"
"4978","0xb7a0946b3057148d0618b7c1857127bbddad8940","benjioh5.eth","Wed, 30 Oct 2019 04:19:54 GMT","1","1"
"4987","0x5903be9f630c865f9d3284b3c58d0d497d57d972","","Wed, 30 Oct 2019 14:24:52 GMT","2","2"
"4991","0x6a983e653d6d7c81fbd29dd7cc638b6f36242d08","","Wed, 30 Oct 2019 22:35:09 GMT","1","2"
"4995","0x4222dcf04c703cb26580a284149739af01beab81","","Sat, 02 Nov 2019 06:56:31 GMT","1","9"
"4996","0xe5168b96c942f07afded3b14003d0ed09f093a27","shaokang.argent.xyz","Sun, 03 Nov 2019 01:56:13 GMT","1","1"
"4997","0xe91aee4906c8635bf15962a639436f40780233a0","","Sun, 03 Nov 2019 15:31:26 GMT","1","1"
"4998","0x4d91838268f6d6d4e590e8fd2a001cd91c32e7a4","craig.eth","Sun, 03 Nov 2019 16:22:45 GMT","1","4"
"4999","0x8c9321bad6a62fd5eb7622fcc4af967cebda923e","","Mon, 04 Nov 2019 10:29:46 GMT","1","1"
"5000","0x1e9c39ec2483fb4cc7740cf59c2d8a64d432bd99","","Mon, 04 Nov 2019 15:14:51 GMT","1","1"
"5001","0xeddc2f26de92d0fe96848791c7be23cfd58e4bb3","","Mon, 04 Nov 2019 19:17:56 GMT","1","1"
"5002","0x8c3b776bdac9a7a4facc3cc20cdb40832bff9005","","Tue, 05 Nov 2019 01:41:03 GMT","2","13"
"5005","0x662127bf82b794a26b7ddb6b495f6a5a20b81738","paulcowgill.eth","Tue, 05 Nov 2019 17:47:48 GMT","1","14"
"5006","0xbd12aa424c207e90b66402c1f0aec357e8b1ded7","nethan.eth","Wed, 06 Nov 2019 10:35:13 GMT","1","2"
"5008","0x9acc748be66b780137ac3693b39454ccdf32197f","phil.eth","Wed, 06 Nov 2019 18:37:07 GMT","1","7"
"5010","0x33d2b8460128dfa03d187a919211ce5155a008dd","","Wed, 06 Nov 2019 19:56:06 GMT","1","2"
"5024","0x86076c5dd605f7c5bb4c77f8bbe31267c3b91b9d","","Thu, 07 Nov 2019 17:00:48 GMT","1","1"
"5035","0x2fc01ff5abb40a0081185f05560c18bc04faf030","","Thu, 07 Nov 2019 23:26:33 GMT","1","8"
"5242","0xa2bf1b0a7e079767b4701b5a1d9d5700eb42d1d1","kennethng.eth","Sat, 09 Nov 2019 03:05:21 GMT","1","16"
"5243","0x32823a5622965085baabfb5a8f12d15c35e9da77","","Sat, 09 Nov 2019 03:05:46 GMT","1","5"
"5264","0x8d6e448b0cf0ec09e3b812a7714ba52354a0cf33","","Sat, 09 Nov 2019 06:00:44 GMT","1","13"
"5276","0xd2898b857b9a1f67d6ee9dc9752070503ac58b06","","Sat, 09 Nov 2019 08:02:35 GMT","1","1"
"5277","0xc15f1d3dad37c52fd4608b4e6fc17936f15d6df8","","Sat, 09 Nov 2019 12:41:15 GMT","1","1"
"5279","0x2806c443cfd1e492323de4ebb6404689231ca506","charlesstlouis.eth","Sat, 09 Nov 2019 16:21:17 GMT","1","14"
"5302","0xe51022baf88cc164171c3358a477833ffefbcbfd","","Sun, 10 Nov 2019 18:11:35 GMT","1","1"
"5310","0xd8da6bf26964af9d7eed9e03e53415d37aa96045","vitalik.eth","Mon, 11 Nov 2019 02:12:01 GMT","1","19"
"5327","0xabcb15e9df4c076f25f8c9286027cd873b5c7a23","","Tue, 12 Nov 2019 03:18:09 GMT","1","1"
"5329","0x000001f568875f378bf6d170b790967fe429c81a","tradingdesk.jpmyorgan.eth","Tue, 12 Nov 2019 13:47:32 GMT","1","23"
"5336","0x56519083c3cfeae833b93a93c843c993be1d74ea","","Thu, 14 Nov 2019 15:46:49 GMT","2","1"
"5340","0x255a827b8172a4ef2c3cf36d6f86745bc67484c4","","Thu, 14 Nov 2019 20:04:38 GMT","1","6"
"5344","0x97b155f358176d4f9e046c8eaf1a814b105d69af","","Sun, 17 Nov 2019 12:44:04 GMT","1","1"
"5346","0x10f5d45854e038071485ac9e402308cf80d2d2fe","timbeiko.eth","Fri, 22 Nov 2019 22:43:26 GMT","1","26"
"5348","0x768aa5faca7f5268a72dfaafc85109e15f46589e","","Sun, 24 Nov 2019 10:49:55 GMT","1","2"
"5349","0xefac568c637201ea0a944b888b8fb98386ef2882","","Sun, 24 Nov 2019 14:32:13 GMT","1","1"
"5352","0xb2df98b4749a73147321ab92149e46a69794247e","alexandernacho.eth","Mon, 25 Nov 2019 17:25:16 GMT","1","1"
"5370","0x8dc296c44155b40e700690234ce69c1dacd3ed12","lenklah.eth","Mon, 25 Nov 2019 20:54:24 GMT","1","17"
"5374","0x3c03ca4a7f26ca21127dc28635c66c2878801c36","","Tue, 26 Nov 2019 04:40:21 GMT","1","1"
"5375","0xf83775c95a00612d4cac5053dd484ffa81bae0ad","","Tue, 26 Nov 2019 14:12:11 GMT","1","2"
"5380","0x8529e929837bac20f90f5f751ea5e6e1bf681334","","Sun, 01 Dec 2019 00:47:16 GMT","1","1"
"5445","0x930a7cd60a633128b7c5181307781e6d033ba51a","","Tue, 03 Dec 2019 21:16:00 GMT","1","10"
"5446","0x51064748e96fe26dddd61aca99cb4ba7f82b8132","","Wed, 04 Dec 2019 07:02:50 GMT","1","1"
"5473","0x719190c7805357efd9ce4dc98e4aac43740ac6a1","","Fri, 06 Dec 2019 21:27:38 GMT","1","1"
"5475","0xa9f701118b905348f8053682796f55ff58787115","","Sat, 07 Dec 2019 00:37:28 GMT","1","1"
"5502","0x2ec2331809f63b64ea1f4f34b51d992fc0d3e683","schuppi.eth","Sun, 08 Dec 2019 20:10:27 GMT","2","4"
"5503","0xabfcd0352fd6c55198796f232da2d40000d3b584","","Sun, 08 Dec 2019 20:51:18 GMT","1","3"
"5512","0xa1f1ffabd2c2a13008211169516ffc3c102c6de5","","Fri, 13 Dec 2019 11:19:47 GMT","2","1"
"5513","0x1343706c611c3ba5462f72f258a6a1fafa4a4fc9","","Sun, 15 Dec 2019 04:23:54 GMT","1","2"
"5514","0xe98b20c3dbda0b2e18384f4d2d28a241e3e114d0","staffydog.eth","Sun, 15 Dec 2019 11:57:51 GMT","1","1"
"5536","0x5fdeeb497fb6611666661754e6f3a71c66cddf41","","Mon, 23 Dec 2019 15:10:55 GMT","1","1"
"5548","0xb4d0ec0ae3ccc28fd6516fc324bba2ad34bfe600","","Sun, 29 Dec 2019 19:16:56 GMT","1","1"
"5550","0x0312b8954b0feeaed741ffc9d8b9be939d0c2957","","Tue, 31 Dec 2019 17:06:13 GMT","1","31"
"5566","0xc79ba729be557d93f9d37a2d9e5ba31a57f26e73","","Thu, 09 Jan 2020 21:45:28 GMT","1","1"
"5568","0xea6630f5bfa193f76cfc5f530648061b070e7dad","","Fri, 10 Jan 2020 08:59:45 GMT","1","1"
"5573","0x0039e762ecd8e8f074e93575dc395abfce4ef8b6","","Tue, 14 Jan 2020 00:56:36 GMT","1","5"
"5660","0x756678bd0d2358d2198511c3adf50502fdf45597","","Sun, 19 Jan 2020 18:39:53 GMT","1","1"
"5663","0x7ac81b5d5768537a626432317fea6a46b181e4c0","","Tue, 21 Jan 2020 00:50:11 GMT","1","1"
"5675","0xab7c8803962c0f2f5bbbe3fa8bf41cd82aa1923c","","Sat, 25 Jan 2020 23:09:26 GMT","1","2"
"5684","0xc024559c710123b6caf5d225b56913aab339aad0","t4852yy.umbra.eth","Tue, 28 Jan 2020 04:31:59 GMT","1","2"
"5710","0x4fa04743efdea1ae97dff88c55361eb03ffb3ec6","","Fri, 31 Jan 2020 17:51:43 GMT","1","2"
"5793","0x4b17123ad53d63d8cf1678a7a73c39a2545b3f1f","","Wed, 05 Feb 2020 00:56:12 GMT","1","1"
"5794","0x61ab218a4206bb9b2767383aafae7291d58818d8","","Wed, 05 Feb 2020 00:57:29 GMT","2","1"
"5886","0xe346dfbf246dd62bf7afc6d082bcecc4d50bdfdc","","Tue, 11 Feb 2020 02:07:19 GMT","1","1"
"5995","0x6e32c149094e8007d7bb838554175470ecf82f3e","cryptovc.eth","Thu, 13 Feb 2020 00:47:40 GMT","1","2"
"6129","0x7c080bf97bf09b8ed84784f08d5c8663b7c0d7c7","libby.eth","Sat, 15 Feb 2020 02:16:28 GMT","1","4"
"6275","0xd0d60f956c0d6ae987781541c75d5ad52d7bf5ef","","Mon, 24 Feb 2020 06:49:03 GMT","1","1"
"6276","0x0f3bc55981aa660eb755d4cf4037e347d2ca6320","shiki.argent.xyz","Mon, 24 Feb 2020 11:04:41 GMT","1","2"
"6633","0xf563f100df419ccde59bfbe0692fc4c5bfe01706","","Wed, 04 Mar 2020 05:42:21 GMT","1","2"
"6699","0x8b46758e9a209901fbe53c00e69e541a2ad01465","minteo.eth","Thu, 05 Mar 2020 22:52:25 GMT","1","6"
"6883","0x839395e20bbb182fa440d08f850e6c7a8f6f0780","griff.eth","Sat, 07 Mar 2020 09:48:10 GMT","1","17"
"6917","0xd3ed2b8756b942c98c851722f3bd507a17b4745f","","Sat, 07 Mar 2020 13:39:01 GMT","1","21"
"6941","0xca3b09e8e43d00eb52611c3465b1d8de7495716a","","Sat, 07 Mar 2020 17:43:05 GMT","1","1"
"6972","0xd03614c920a0c334b842320999398e1387791bf8","","Wed, 11 Mar 2020 02:41:18 GMT","1","1"
"6977","0x5040356780ff3b3a419b966b7a0b013af814dcbe","palla.eth","Sat, 14 Mar 2020 16:49:40 GMT","1","48"
"7471","0x9943d42d7a59a0abae451130ccfc77d758da9ca0","cullen.eth","Fri, 20 Mar 2020 05:34:00 GMT","1","1"
"7476","0x610eaa4385eaf1f4738b1c91c48a2692ad9bc1cf","","Sat, 21 Mar 2020 18:04:51 GMT","1","1"
"7580","0xa20dd4b5d86b90f55e808300bc75d13e1cd52870","","Tue, 24 Mar 2020 11:07:30 GMT","1","2"
"7842","0xc7a14f97ca063ad5aac3adc837d09e9f13ba63fa","franzi.eth","Wed, 01 Apr 2020 15:08:38 GMT","1","15"
"8164","0x026e4640ea509d6c6db7526edb9f50b529bf9399","","Sat, 18 Apr 2020 11:09:23 GMT","1","5"
"8351","0x77a22740a5b4e6f23df9c7a7bf0c3246150463d2","","Fri, 01 May 2020 19:42:26 GMT","1","1"
"11080","0x010afb8548a5d1a3a3d62f58ca0a5a1329974206","marczeller.eth","Tue, 05 May 2020 03:13:26 GMT","1","3"
"11086","0xe126b3e5d052f1f575828f61feba4f4f2603652a","kalis.eth","Tue, 05 May 2020 18:43:56 GMT","1","7"
"11449","0xab45507d1db315e8618ea26d78f1c85210077792","","Sun, 24 May 2020 12:07:36 GMT","1","3"
"11469","0x06dbfdbfda84eabaea177760092dc22ab1d8f372","samrichards.eth","Tue, 26 May 2020 17:10:54 GMT","1","18"
"13895","0x7ceabc27b1dc6a065fad85a86afbaf97f7692088","","Sun, 28 Jun 2020 23:18:23 GMT","1","1"
"13896","0xd418c5d0c4a3d87a6c555b7aa41f13ef87485ec6","","Sun, 28 Jun 2020 23:18:23 GMT","1","1"
"13898","0x1dac51886d5b461fccc784ad3813a5969dd42e6f","darren.eth","Sun, 28 Jun 2020 23:19:01 GMT","1","10"
"13900","0x1808618a06a206eecc66bd19134bb10ed0e9a086","","Sun, 28 Jun 2020 23:19:01 GMT","1","2"
"14399","0xd3e9d60e4e4de615124d5239219f32946d10151d","alexmasmej.eth","Sun, 12 Jul 2020 13:48:21 GMT","1","11"
"14421","0xb6e63f63f5509f3bb5e512ac01c6df6e99ede354","addressxception.argent.xyz","Sun, 12 Jul 2020 18:49:08 GMT","1","2"
"16946","0x05b512f909daae5575afb47b3eeb0b0afeb14c00","racozo.eth","Thu, 01 Oct 2020 16:20:30 GMT","1","1"
"17103","0xbbba14a63a97d30d4b1e2fd221ee97bb068fad40","jungong.eth","Thu, 01 Oct 2020 21:32:15 GMT","1","12"
"17104","0x9f2589aede1bb71e7513b3f1be6bc8e6f2ab6136","fabrizio.eth","Thu, 01 Oct 2020 21:32:15 GMT","1","2"
"17105","0x8d9726f221bd0f5ee6f4bfef6a7726772b79fe75","","Thu, 01 Oct 2020 21:32:15 GMT","1","1"
"19028","0x72e8088772be332a95a289f3ac47f83a39675ddd","hectordzarate.eth","Fri, 02 Oct 2020 19:31:05 GMT","1","2"
"19254","0x4f0c041455305a177c1699501e8c3c1eeec5aa7e","sferaebbasta.eth","Mon, 05 Oct 2020 09:02:35 GMT","1","9"
"21579","0x7bc76fde5218739d5a3869a3a52c36b50f514a9d","","Thu, 15 Oct 2020 14:20:22 GMT","1","1"
"22220","0x99db47b5d6963889cace351223f0bc9e65be1b59","","Fri, 16 Oct 2020 22:24:45 GMT","1","1"
"29509","0xd334741d0766b257b18f2d058e844e17e346a0c1","carlbeek.eth","Tue, 03 Nov 2020 15:46:30 GMT","1","22"
"29616","0x5363aedca1d116336aea14edc37b3589f79fe326","","Wed, 04 Nov 2020 06:40:50 GMT","1","2"
"31388","0xed6a59a7c1d5a88b7cb5eb877a7a6078a7e801c7","","Mon, 09 Nov 2020 05:36:05 GMT","1","1"
"35645","0x29ad3317a7e230dcf30438fff631c9ca6d733bbd","","Tue, 01 Dec 2020 11:58:25 GMT","1","5"
"36688","0x190824b63255c3b1f415a3d5f64118902ff11cfb","","Sat, 19 Dec 2020 19:54:54 GMT","1","2"
"36895","0xfdd210ce1b829e837d9e034dae0f0312f176cef6","","Wed, 02 Dec 2020 17:00:30 GMT","1","1"
"42721","0x42ca45b785d87b8375dff176555c745b27d69da5","quitos.eth","Wed, 23 Dec 2020 01:23:10 GMT","1","131"
"56734","0xb230a61a863923396366823b103e0f370745cea6","","Sun, 07 Feb 2021 10:39:15 GMT","1","4"
"71260","0x332777864cce8879efe2356de27946b643be38d0","sidcoin.eth","Sat, 20 Feb 2021 18:53:20 GMT","1","3"
"71825","0xd0dae125eb45ddce1cb9ff1def8523fefaa7f6d7","","Mon, 22 Feb 2021 04:37:35 GMT","1","1"
"75000","0x056a9de62618a351776eda24b7334728eec55243","","Tue, 23 Feb 2021 23:58:55 GMT","1","1"
"76571","0xcd9118bff08d4904d17a4578902f8496d62a2750","schwy.eth","Thu, 25 Feb 2021 19:51:40 GMT","1","13"
"77069","0x80439266d56c9f9027a7711833e9807a09d8923e","luker.eth","Fri, 26 Feb 2021 19:37:40 GMT","1","18"
"88704","0x42ea529282dde0aa87b42d9e83316eb23fe62c3f","","Sun, 14 Mar 2021 23:44:55 GMT","1","1"
"91009","0xac446dd360716acef4e930612dcb1f652a98d750","","Wed, 17 Mar 2021 07:00:00 GMT","1","4"
"99609","0xd3a7b3c355608e6386368ead666fd2e8c2cc4577","","Sun, 21 Mar 2021 02:28:45 GMT","1","1"
"105302","0x5c647ca5e2bc5bd17c40410fcb8003d38879ae50","frankp.eth","Sat, 05 Jun 2021 12:37:59 GMT","1","13"
"109325","0xe24fbe2f6e587b8220e7b91474057df1806fffa5","","Tue, 30 Mar 2021 17:14:30 GMT","1","10"
"121693","0x1e1bb1f6adf9cf661bc57566ea7def3db9e8ab51","","Sat, 03 Apr 2021 11:23:35 GMT","1","1"
"125127","0x34c5a23edc34f5a1232e2decf8368fce092ab896","","Mon, 05 Apr 2021 16:49:05 GMT","1","1"
"152247","0x52642edb72561afb0d9132ce8fe1d736eb5c3c53","","Tue, 13 Apr 2021 09:05:50 GMT","1","2"
"171968","0x654ccc508186540e30669e10b9f68c7495d57c9b","kusd.eth","Fri, 23 Apr 2021 04:05:20 GMT","1","4"
"185811","0x55e559c974346ed3ae4f8b1b1b6c87b6506ccabc","","Fri, 30 Apr 2021 00:25:30 GMT","1","2"
"232589","0x16ed92288b03bc78317b698402606c011d3e7b6d","","Sun, 16 May 2021 21:29:55 GMT","1","17"
"261732","0x2fe31e981032bfcd71cce70a4ab5e4214f8b4860","liam.eth","Sun, 23 May 2021 22:07:45 GMT","1","23"
"267047","0x5c660967e13a5a300245b91cbd2f66d023b1e6e2","aqeel.eth","Wed, 26 May 2021 09:38:15 GMT","1","10"
"322658","0xf0d6999725115e3ead3d927eb3329d63afaec09b","gmoney.eth","Sun, 06 Jun 2021 21:47:05 GMT","1","52"
"336871","0xe7fe2a9d8fa0f37b33f994dff5b4a3219fe343a2","","Thu, 10 Jun 2021 18:12:30 GMT","1","23"
"369022","0xa075ec31f2bfd7977ba3fb9c61c814ce466e8f9a","hodges.eth","Sun, 20 Jun 2021 17:26:55 GMT","1","1"
"1406557","0x9bb82fbf10cf4959909bab9be07805bd1d28d04a","","Mon, 20 Sep 2021 20:27:05 GMT","1","9"
"2573298","0x68f9d801c96ac6ccf562f3600cef77c4504449b6","brukhman.eth","Sat, 06 Nov 2021 15:24:40 GMT","1","22"
"2848548","0x693edbcf118ec982f5a8101498b6c789470b0b89","skylar.eth","Sun, 28 Nov 2021 12:03:20 GMT","1","25"